Label;Area;XM;YM;Date;Days;Plate;Colonies on the plate
MASK_All_stack.tif:2_1202.tif_a;1569;391.515;566.397;1202;1;2a;2
MASK_All_stack.tif:3_1202.tif_a;1815;389.19;282.87;1202;1;3a;3
MASK_All_stack.tif:3_1202.tif_a;2024;238.41;507.707;1202;1;3a;3
MASK_All_stack.tif:3_1202.tif_a;1957;509.807;527.508;1202;1;3a;3
MASK_All_stack.tif:3_1202.tif_b;1501;396.158;240.575;1202;1;3b;3
MASK_All_stack.tif:3_1202.tif_b;1913;258.222;471.09;1202;1;3b;3
MASK_All_stack.tif:3_1202.tif_b;1829;525.069;481.013;1202;1;3b;3
MASK_All_stack.tif:3_1202.tif_c;2008;372.433;245.919;1202;1;3c;3
MASK_All_stack.tif:3_1202.tif_c;2123;231.302;469.199;1202;1;3c;3
MASK_All_stack.tif:3_1202.tif_c;1888;503.158;478.529;1202;1;3c;3
MASK_All_stack.tif:4_1202.tif_a;1738;386.581;270.56;1202;1;4a;4
MASK_All_stack.tif:4_1202.tif_a;1991;232.445;416.65;1202;1;4a;4
MASK_All_stack.tif:4_1202.tif_a;1849;547.872;423.812;1202;1;4a;4
MASK_All_stack.tif:4_1202.tif_a;1764;385.757;578.02;1202;1;4a;4
MASK_All_stack.tif:4_1202.tif_b;1952;387.814;223.319;1202;1;4b;4
MASK_All_stack.tif:4_1202.tif_b;1780;223.1;374.183;1202;1;4b;4
MASK_All_stack.tif:4_1202.tif_b;1822;533.745;382.334;1202;1;4b;4
MASK_All_stack.tif:4_1202.tif_b;1818;372.107;539.337;1202;1;4b;4
MASK_All_stack.tif:4_1202.tif_c;1557;384.235;233.999;1202;1;4c;4
MASK_All_stack.tif:4_1202.tif_c;1460;211.439;374.907;1202;1;4c;4
MASK_All_stack.tif:4_1202.tif_c;1501;525.283;398.269;1202;1;4c;4
MASK_All_stack.tif:6_1202.tif_a;1794;414.014;247.201;1202;1;6a;6
MASK_All_stack.tif:6_1202.tif_a;1746;271.957;312.364;1202;1;6a;6
MASK_All_stack.tif:6_1202.tif_a;1710;542.251;335.584;1202;1;6a;6
MASK_All_stack.tif:6_1202.tif_a;1779;265.983;477.063;1202;1;6a;6
MASK_All_stack.tif:6_1202.tif_a;1805;529.82;489.374;1202;1;6a;6
MASK_All_stack.tif:6_1202.tif_a;1774;392.63;564.551;1202;1;6a;6
MASK_All_stack.tif:6_1202.tif_b;1739;406.028;219.36;1202;1;6b;6
MASK_All_stack.tif:6_1202.tif_b;1727;273.455;291.722;1202;1;6b;6
MASK_All_stack.tif:6_1202.tif_b;1774;544.172;293.826;1202;1;6b;6
MASK_All_stack.tif:6_1202.tif_b;1724;539.282;448.618;1202;1;6b;6
MASK_All_stack.tif:6_1202.tif_b;1651;277.359;452.005;1202;1;6b;6
MASK_All_stack.tif:6_1202.tif_b;1716;410.503;532.262;1202;1;6b;6
MASK_All_stack.tif:1_1205.tif_a;5464;397.406;266.334;1205;4;1a;1
MASK_All_stack.tif:1_1205.tif_b;5791;381.19;230.266;1205;4;1b;1
MASK_All_stack.tif:1_1205.tif_c;5743;368.066;230.186;1205;4;1c;1
MASK_All_stack.tif:1_1205.tif_d;5658;382.106;168.422;1205;4;1d;1
MASK_All_stack.tif:2_1205.tif_a;5997;388.811;262.055;1205;4;2a;2
MASK_All_stack.tif:2_1205.tif_a;6010;374.104;575.88;1205;4;2a;2
MASK_All_stack.tif:2_1205.tif_b;5576;368.515;228.346;1205;4;2b;2
MASK_All_stack.tif:2_1205.tif_b;6003;372.416;549.41;1205;4;2b;2
MASK_All_stack.tif:2_1205.tif_c;5977;366.654;218.005;1205;4;2c;2
MASK_All_stack.tif:2_1205.tif_c;6165;374.412;532.525;1205;4;2c;2
MASK_All_stack.tif:3_1205.tif_a;5955;362.917;244.243;1205;4;3a;3
MASK_All_stack.tif:3_1205.tif_a;6257;507.982;474.942;1205;4;3a;3
MASK_All_stack.tif:3_1205.tif_a;6151;235.961;482.925;1205;4;3a;3
MASK_All_stack.tif:3_1205.tif_b;5751;382.523;231.787;1205;4;3b;3
MASK_All_stack.tif:3_1205.tif_b;6623;252.061;465.995;1205;4;3b;3
MASK_All_stack.tif:3_1205.tif_b;6418;518.845;467.122;1205;4;3b;3
MASK_All_stack.tif:3_1205.tif_c;6387;391.677;230.342;1205;4;3c;3
MASK_All_stack.tif:3_1205.tif_c;6529;246.979;451.651;1205;4;3c;3
MASK_All_stack.tif:3_1205.tif_c;6181;519.052;464.772;1205;4;3c;3
MASK_All_stack.tif:4_1205.tif_a;5770;379.533;277.944;1205;4;4a;4
MASK_All_stack.tif:4_1205.tif_a;6272;549.395;422.133;1205;4;4a;4
MASK_All_stack.tif:4_1205.tif_a;6195;233.212;432.408;1205;4;4a;4
MASK_All_stack.tif:4_1205.tif_a;5997;396.053;585.512;1205;4;4a;4
MASK_All_stack.tif:4_1205.tif_b;5927;375.769;252.564;1205;4;4b;4
MASK_All_stack.tif:4_1205.tif_b;5790;535.106;398.322;1205;4;4b;4
MASK_All_stack.tif:4_1205.tif_b;5736;223.986;416.838;1205;4;4b;4
MASK_All_stack.tif:4_1205.tif_b;5751;386.956;568.758;1205;4;4b;4
MASK_All_stack.tif:4_1205.tif_c;5624;383.795;224.958;1205;4;4c;4
MASK_All_stack.tif:4_1205.tif_c;5426;221.629;376.558;1205;4;4c;4
MASK_All_stack.tif:4_1205.tif_c;5546;534.493;378.899;1205;4;4c;4
MASK_All_stack.tif:4_1205.tif_c;5256;378.857;538.404;1205;4;4c;4
MASK_All_stack.tif:6_1205.tif_a;5337;400.908;258.778;1205;4;6a;6
MASK_All_stack.tif:6_1205.tif_a;5184;257.423;323.376;1205;4;6a;6
MASK_All_stack.tif:6_1205.tif_a;5387;529.157;348.069;1205;4;6a;6
MASK_All_stack.tif:6_1205.tif_a;5285;250.408;488.503;1205;4;6a;6
MASK_All_stack.tif:6_1205.tif_a;5541;515.531;502.446;1205;4;6a;6
MASK_All_stack.tif:6_1205.tif_a;5385;377.249;577.198;1205;4;6a;6
MASK_All_stack.tif:6_1205.tif_b;5108;377.341;246.54;1205;4;6b;6
MASK_All_stack.tif:6_1205.tif_b;5200;239.136;309.696;1205;4;6b;6
MASK_All_stack.tif:6_1205.tif_b;5146;510.541;330.713;1205;4;6b;6
MASK_All_stack.tif:6_1205.tif_b;5219;231.962;470.412;1205;4;6b;6
MASK_All_stack.tif:6_1205.tif_b;5102;494.946;485.368;1205;4;6b;6
MASK_All_stack.tif:6_1205.tif_b;5273;360.013;560.313;1205;4;6b;6
MASK_All_stack.tif:1_1206.tif_a;7123;388.063;258.993;1206;5;1a;1
MASK_All_stack.tif:1_1206.tif_b;7571;377.717;229.415;1206;5;1b;1
MASK_All_stack.tif:1_1206.tif_c;7512;388.826;238.406;1206;5;1c;1
MASK_All_stack.tif:1_1206.tif_d;7471;397.545;204.395;1206;5;1d;1
MASK_All_stack.tif:2_1206.tif_a;7773;406.143;269.508;1206;5;2a;2
MASK_All_stack.tif:2_1206.tif_a;7855;380.478;582.389;1206;5;2a;2
MASK_All_stack.tif:2_1206.tif_b;7254;395.439;249.49;1206;5;2b;2
MASK_All_stack.tif:2_1206.tif_b;7832;368.443;568.995;1206;5;2b;2
MASK_All_stack.tif:2_1206.tif_c;7843;415.74;237.997;1206;5;2c;2
MASK_All_stack.tif:2_1206.tif_c;7963;390.678;551.606;1206;5;2c;2
MASK_All_stack.tif:3_1206.tif_a;7675;407.288;259.562;1206;5;3a;3
MASK_All_stack.tif:3_1206.tif_a;7874;245.85;476.326;1206;5;3a;3
MASK_All_stack.tif:3_1206.tif_a;8065;515.843;509.098;1206;5;3a;3
MASK_All_stack.tif:3_1206.tif_b;7458;389.056;211.204;1206;5;3b;3
MASK_All_stack.tif:3_1206.tif_b;8506;231.985;428.544;1206;5;3b;3
MASK_All_stack.tif:3_1206.tif_b;8288;496.956;460.976;1206;5;3b;3
MASK_All_stack.tif:3_1206.tif_c;8238;405.679;243.195;1206;5;3c;3
MASK_All_stack.tif:3_1206.tif_c;8378;238.449;448.588;1206;5;3c;3
MASK_All_stack.tif:3_1206.tif_c;7895;508.101;489.652;1206;5;3c;3
MASK_All_stack.tif:4_1206.tif_a;7326;388.444;281.27;1206;5;4a;4
MASK_All_stack.tif:4_1206.tif_a;7943;555.042;429.792;1206;5;4a;4
MASK_All_stack.tif:4_1206.tif_a;7794;238.292;432.546;1206;5;4a;4
MASK_All_stack.tif:4_1206.tif_a;7688;397.45;589.576;1206;5;4a;4
MASK_All_stack.tif:4_1206.tif_b;7516;388.551;239.918;1206;5;4b;4
MASK_All_stack.tif:4_1206.tif_b;7352;226.15;393.954;1206;5;4b;4
MASK_All_stack.tif:4_1206.tif_b;7425;538.17;396.193;1206;5;4b;4
MASK_All_stack.tif:4_1206.tif_b;7419;378.81;556.591;1206;5;4b;4
MASK_All_stack.tif:4_1206.tif_c;7179;373.541;226.597;1206;5;4c;4
MASK_All_stack.tif:4_1206.tif_c;6952;210.897;378.723;1206;5;4c;4
MASK_All_stack.tif:4_1206.tif_c;7111;524.914;380.877;1206;5;4c;4
MASK_All_stack.tif:4_1206.tif_c;6747;368.822;540.812;1206;5;4c;4
MASK_All_stack.tif:6_1206.tif_a;6672;372.337;238.358;1206;5;6a;6
MASK_All_stack.tif:6_1206.tif_a;6524;231.224;309.5;1206;5;6a;6
MASK_All_stack.tif:6_1206.tif_a;6724;504.907;322.366;1206;5;6a;6
MASK_All_stack.tif:6_1206.tif_a;6660;231.348;475.358;1206;5;6a;6
MASK_All_stack.tif:6_1206.tif_a;6980;498.041;477.788;1206;5;6a;6
MASK_All_stack.tif:6_1206.tif_a;6793;362.459;558.853;1206;5;6a;6
MASK_All_stack.tif:6_1206.tif_b;6356;405.029;218.226;1206;5;6b;6
MASK_All_stack.tif:6_1206.tif_b;6542;261.929;271.924;1206;5;6b;6
MASK_All_stack.tif:6_1206.tif_b;6436;532.644;311.945;1206;5;6b;6
MASK_All_stack.tif:6_1206.tif_b;6605;243.363;432.181;1206;5;6b;6
MASK_All_stack.tif:6_1206.tif_b;6406;506.162;465.89;1206;5;6b;6
MASK_All_stack.tif:6_1206.tif_b;6655;365.631;531.483;1206;5;6b;6
MASK_All_stack.tif:1_1207.tif_a;9206;374.981;268.826;1207;6;1a;1
MASK_All_stack.tif:1_1207.tif_b;9337;388.927;231.024;1207;6;1b;1
MASK_All_stack.tif:1_1207.tif_c;9313;372.961;245.998;1207;6;1c;1
MASK_All_stack.tif:1_1207.tif_d;9037;370.08;177.115;1207;6;1d;1
MASK_All_stack.tif:2_1207.tif_a;9578;394.63;248.49;1207;6;2a;2
MASK_All_stack.tif:2_1207.tif_a;9767;409.102;561.848;1207;6;2a;2
MASK_All_stack.tif:2_1207.tif_b;8969;377.357;234.35;1207;6;2b;2
MASK_All_stack.tif:2_1207.tif_b;9668;377.616;555.057;1207;6;2b;2
MASK_All_stack.tif:2_1207.tif_c;9632;360.339;256.148;1207;6;2c;2
MASK_All_stack.tif:2_1207.tif_c;9755;354.655;570.664;1207;6;2c;2
MASK_All_stack.tif:3_1207.tif_a;9395;391.329;282.628;1207;6;3a;3
MASK_All_stack.tif:3_1207.tif_a;9623;253.677;515.546;1207;6;3a;3
MASK_All_stack.tif:3_1207.tif_a;9836;525.994;519.548;1207;6;3a;3
MASK_All_stack.tif:3_1207.tif_b;9200;398.697;263.295;1207;6;3b;3
MASK_All_stack.tif:3_1207.tif_b;10354;241.253;480.901;1207;6;3b;3
MASK_All_stack.tif:3_1207.tif_b;10091;506.777;513.37;1207;6;3b;3
MASK_All_stack.tif:3_1207.tif_c;10037;379.122;252.31;1207;6;3c;3
MASK_All_stack.tif:3_1207.tif_c;10114;228.201;470.877;1207;6;3c;3
MASK_All_stack.tif:3_1207.tif_c;9713;501.408;490.731;1207;6;3c;3
MASK_All_stack.tif:4_1207.tif_a;8849;381.209;282.619;1207;6;4a;4
MASK_All_stack.tif:4_1207.tif_a;9653;550.743;429.226;1207;6;4a;4
MASK_All_stack.tif:4_1207.tif_a;9359;232.677;436.561;1207;6;4a;4
MASK_All_stack.tif:4_1207.tif_a;9304;394.634;591.886;1207;6;4a;4
MASK_All_stack.tif:4_1207.tif_b;9058;371.583;235.39;1207;6;4b;4
MASK_All_stack.tif:4_1207.tif_b;8811;199.77;379.494;1207;6;4b;4
MASK_All_stack.tif:4_1207.tif_b;8979;511.792;400.738;1207;6;4b;4
MASK_All_stack.tif:4_1207.tif_b;9039;342.789;551.481;1207;6;4b;4
MASK_All_stack.tif:4_1207.tif_c;8724;352.889;240.856;1207;6;4c;4
MASK_All_stack.tif:4_1207.tif_c;8649;515.563;384.417;1207;6;4c;4
MASK_All_stack.tif:4_1207.tif_c;8482;201.001;404.773;1207;6;4c;4
MASK_All_stack.tif:4_1207.tif_c;8240;370.913;555.57;1207;6;4c;4
MASK_All_stack.tif:6_1207.tif_a;7948;394.909;277.892;1207;6;6a;6
MASK_All_stack.tif:6_1207.tif_a;7791;254.357;352.014;1207;6;6a;6
MASK_All_stack.tif:6_1207.tif_a;7953;529.748;359.805;1207;6;6a;6
MASK_All_stack.tif:6_1207.tif_a;8290;525.745;516.319;1207;6;6a;6
MASK_All_stack.tif:6_1207.tif_a;7937;257.449;518.618;1207;6;6a;6
MASK_All_stack.tif:6_1207.tif_a;8106;390.811;600.195;1207;6;6a;6
MASK_All_stack.tif:6_1207.tif_b;7568;387.989;227.425;1207;6;6b;6
MASK_All_stack.tif:6_1207.tif_b;7851;248.128;291.408;1207;6;6b;6
MASK_All_stack.tif:6_1207.tif_b;7684;522.995;312.497;1207;6;6b;6
MASK_All_stack.tif:6_1207.tif_b;7924;240.792;453.429;1207;6;6b;6
MASK_All_stack.tif:6_1207.tif_b;7658;507.063;468.916;1207;6;6b;6
MASK_All_stack.tif:6_1207.tif_b;7952;370.537;544.617;1207;6;6b;6
MASK_All_stack.tif:1_1209.tif_a;12412;397.423;261.113;1209;8;1a;1
MASK_All_stack.tif:1_1209.tif_b;13142;384.838;245.117;1209;8;1b;1
MASK_All_stack.tif:1_1209.tif_c;13062;373.177;247.158;1209;8;1c;1
MASK_All_stack.tif:1_1209.tif_d;13183;381.747;200.476;1209;8;1d;1
MASK_All_stack.tif:2_1209.tif_a;13197;387.307;282.827;1209;8;2a;2
MASK_All_stack.tif:2_1209.tif_a;13568;403.547;595.606;1209;8;2a;2
MASK_All_stack.tif:2_1209.tif_b;12420;381.572;234.271;1209;8;2b;2
MASK_All_stack.tif:2_1209.tif_b;13365;372.38;554.115;1209;8;2b;2
MASK_All_stack.tif:2_1209.tif_c;13316;399.434;234.98;1209;8;2c;2
MASK_All_stack.tif:2_1209.tif_c;13389;384.047;548.783;1209;8;2c;2
MASK_All_stack.tif:3_1209.tif_a;12808;414.374;273.707;1209;8;3a;3
MASK_All_stack.tif:3_1209.tif_a;13349;560.305;504.366;1209;8;3a;3
MASK_All_stack.tif:3_1209.tif_a;13100;287.366;513.394;1209;8;3a;3
MASK_All_stack.tif:3_1209.tif_b;12614;404.605;238.491;1209;8;3b;3
MASK_All_stack.tif:3_1209.tif_b;14111;256.828;463.939;1209;8;3b;3
MASK_All_stack.tif:3_1209.tif_b;13721;524.761;484.128;1209;8;3b;3
MASK_All_stack.tif:3_1209.tif_c;13617;437.834;251.72;1209;8;3c;3
MASK_All_stack.tif:3_1209.tif_c;13716;259.681;450.184;1209;8;3c;3
MASK_All_stack.tif:3_1209.tif_c;13139;529.507;504.301;1209;8;3c;3
MASK_All_stack.tif:4_1209.tif_a;11786;383.353;270.736;1209;8;4a;4
MASK_All_stack.tif:4_1209.tif_a;12389;226.601;418.52;1209;8;4a;4
MASK_All_stack.tif:4_1209.tif_a;12830;546.758;425.931;1209;8;4a;4
MASK_All_stack.tif:4_1209.tif_a;12433;382.277;582.221;1209;8;4a;4
MASK_All_stack.tif:4_1209.tif_b;11996;370.278;240.041;1209;8;4b;4
MASK_All_stack.tif:4_1209.tif_b;11777;205.085;393.139;1209;8;4b;4
MASK_All_stack.tif:4_1209.tif_b;12031;519.615;399.246;1209;8;4b;4
MASK_All_stack.tif:4_1209.tif_b;12112;357.199;558.912;1209;8;4b;4
MASK_All_stack.tif:4_1209.tif_c;11626;369.027;231.25;1209;8;4c;4
MASK_All_stack.tif:4_1209.tif_c;11588;525.924;383.235;1209;8;4c;4
MASK_All_stack.tif:4_1209.tif_c;11326;209.01;388.886;1209;8;4c;4
MASK_All_stack.tif:4_1209.tif_c;11088;372.532;548.239;1209;8;4c;4
MASK_All_stack.tif:6_1209.tif_a;10333;427.407;275.491;1209;8;6a;6
MASK_All_stack.tif:6_1209.tif_a;10156;279.13;337.5;1209;8;6a;6
MASK_All_stack.tif:6_1209.tif_a;10413;556.102;370.062;1209;8;6a;6
MASK_All_stack.tif:6_1209.tif_a;10382;267.127;505.353;1209;8;6a;6
MASK_All_stack.tif:6_1209.tif_a;10805;537.873;527.222;1209;8;6a;6
MASK_All_stack.tif:6_1209.tif_a;10596;394.227;599.592;1209;8;6a;6
MASK_All_stack.tif:6_1209.tif_b;9874;387.291;237.737;1209;8;6b;6
MASK_All_stack.tif:6_1209.tif_b;10295;243.812;298.349;1209;8;6b;6
MASK_All_stack.tif:6_1209.tif_b;10024;521.032;327.568;1209;8;6b;6
MASK_All_stack.tif:6_1209.tif_b;10439;231.863;461.581;1209;8;6b;6
MASK_All_stack.tif:6_1209.tif_b;9986;500.551;484.833;1209;8;6b;6
MASK_All_stack.tif:6_1209.tif_b;10427;360.245;557.462;1209;8;6b;6
MASK_All_stack.tif:1_1212.tif_a;18829;389.74;254.762;1212;11;1a;1
MASK_All_stack.tif:1_1212.tif_b;19829;369.698;237.941;1212;11;1b;1
MASK_All_stack.tif:1_1212.tif_c;19800;390.137;226.976;1212;11;1c;1
MASK_All_stack.tif:1_1212.tif_d;19909;369.761;181.86;1212;11;1d;1
MASK_All_stack.tif:2_1212.tif_a;19372;373.413;242.211;1212;11;2a;2
MASK_All_stack.tif:2_1212.tif_a;20046;384.584;553.862;1212;11;2a;2
MASK_All_stack.tif:2_1212.tif_b;18341;368.441;206.473;1212;11;2b;2
MASK_All_stack.tif:2_1212.tif_b;19542;366.419;524.773;1212;11;2b;2
MASK_All_stack.tif:2_1212.tif_c;19448;388.541;203.234;1212;11;2c;2
MASK_All_stack.tif:2_1212.tif_c;19666;358.392;514.865;1212;11;2c;2
MASK_All_stack.tif:3_1212.tif_a;18107;378.538;282.056;1212;11;3a;3
MASK_All_stack.tif:3_1212.tif_a;18415;239.06;517.175;1212;11;3a;3
MASK_All_stack.tif:3_1212.tif_a;18917;514.008;520.867;1212;11;3a;3
MASK_All_stack.tif:3_1212.tif_b;18033;390.657;237.508;1212;11;3b;3
MASK_All_stack.tif:3_1212.tif_b;19960;237.218;462.082;1212;11;3b;3
MASK_All_stack.tif:3_1212.tif_b;19395;507.548;487.138;1212;11;3b;3
MASK_All_stack.tif:3_1212.tif_c;19384;403.304;239.151;1212;11;3c;3
MASK_All_stack.tif:3_1212.tif_c;19242;245.601;457.112;1212;11;3c;3
MASK_All_stack.tif:3_1212.tif_c;18611;522.702;483.421;1212;11;3c;3
MASK_All_stack.tif:4_1212.tif_a;15527;374.015;277.769;1212;11;4a;4
MASK_All_stack.tif:4_1212.tif_a;16473;211.101;429.199;1212;11;4a;4
MASK_All_stack.tif:4_1212.tif_a;16885;540.461;438.762;1212;11;4a;4
MASK_All_stack.tif:4_1212.tif_a;16536;369.947;597.714;1212;11;4a;4
MASK_All_stack.tif:4_1212.tif_b;15878;359.959;247.453;1212;11;4b;4
MASK_All_stack.tif:4_1212.tif_b;16233;518.279;405.736;1212;11;4b;4
MASK_All_stack.tif:4_1212.tif_b;15687;196.065;409.62;1212;11;4b;4
MASK_All_stack.tif:4_1212.tif_b;16424;357.66;573.515;1212;11;4b;4
MASK_All_stack.tif:4_1212.tif_c;15578;371.322;224.452;1212;11;4c;4
MASK_All_stack.tif:4_1212.tif_c;15528;528.846;382.847;1212;11;4c;4
MASK_All_stack.tif:4_1212.tif_c;15210;205.007;382.105;1212;11;4c;4
MASK_All_stack.tif:4_1212.tif_c;15206;368.814;548.154;1212;11;4c;4
MASK_All_stack.tif:6_1212.tif_b;12852;347.02;558.657;1212;11;6b;6
MASK_All_stack.tif:6_1212.tif_a;11914;390.859;263.615;1212;11;6a;6
MASK_All_stack.tif:6_1212.tif_a;12349;239.848;336.524;1212;11;6a;6
MASK_All_stack.tif:6_1212.tif_a;12624;529.218;353.101;1212;11;6a;6
MASK_All_stack.tif:6_1212.tif_a;12932;237.346;509.313;1212;11;6a;6
MASK_All_stack.tif:6_1212.tif_a;13343;520.387;516.079;1212;11;6a;6
MASK_All_stack.tif:6_1212.tif_a;13057;375.998;599.351;1212;11;6a;6
MASK_All_stack.tif:6_1212.tif_b;11574;381.926;228.907;1212;11;6b;6
MASK_All_stack.tif:6_1212.tif_b;12384;232.348;289.295;1212;11;6b;6
MASK_All_stack.tif:6_1212.tif_b;12439;519.771;325.396;1212;11;6b;6
MASK_All_stack.tif:6_1212.tif_b;12865;216.309;456.943;1212;11;6b;6
MASK_All_stack.tif:6_1212.tif_b;12545;495.593;486.851;1212;11;6b;6
MASK_All_stack.tif:1_1213.tif_a;21292;402.934;257.997;1213;12;1a;1
MASK_All_stack.tif:1_1213.tif_b;22279;319.516;223.452;1213;12;1b;1
MASK_All_stack.tif:1_1213.tif_c;22325;404.83;237.719;1213;12;1c;1
MASK_All_stack.tif:1_1213.tif_d;22453;356.844;198.563;1213;12;1d;1
MASK_All_stack.tif:2_1213.tif_a;21705;428.332;216.604;1213;12;2a;2
MASK_All_stack.tif:2_1213.tif_a;22457;412.907;527.644;1213;12;2a;2
MASK_All_stack.tif:2_1213.tif_b;20516;336.893;194.563;1213;12;2b;2
MASK_All_stack.tif:2_1213.tif_b;21809;341.86;512.186;1213;12;2b;2
MASK_All_stack.tif:2_1213.tif_c;21614;341.071;248.09;1213;12;2c;2
MASK_All_stack.tif:2_1213.tif_c;21976;376.118;558.91;1213;12;2c;2
MASK_All_stack.tif:3_1213.tif_a;19591;414.579;274.722;1213;12;3a;3
MASK_All_stack.tif:3_1213.tif_a;20006;259.452;502.201;1213;12;3a;3
MASK_All_stack.tif:3_1213.tif_a;20446;536.288;522.59;1213;12;3a;3
MASK_All_stack.tif:3_1213.tif_b;19604;427.27;264.729;1213;12;3b;3
MASK_All_stack.tif:3_1213.tif_b;21694;248.32;472.042;1213;12;3b;3
MASK_All_stack.tif:3_1213.tif_b;21264;517.041;527.178;1213;12;3b;3
MASK_All_stack.tif:3_1213.tif_c;21156;348.759;287.745;1213;12;3c;3
MASK_All_stack.tif:3_1213.tif_c;20319;502.209;514.177;1213;12;3c;3
MASK_All_stack.tif:3_1213.tif_c;20678;222.505;526.616;1213;12;3c;3
MASK_All_stack.tif:4_1213.tif_a;16314;398.92;273.358;1213;12;4a;4
MASK_All_stack.tif:4_1213.tif_a;17943;575.63;425.904;1213;12;4a;4
MASK_All_stack.tif:4_1213.tif_a;17659;242.631;435.5;1213;12;4a;4
MASK_All_stack.tif:4_1213.tif_a;17470;413.503;595.548;1213;12;4a;4
MASK_All_stack.tif:4_1213.tif_b;16515;364.906;215.681;1213;12;4b;4
MASK_All_stack.tif:4_1213.tif_b;17372;526.933;374.152;1213;12;4b;4
MASK_All_stack.tif:4_1213.tif_b;16717;201.584;380.333;1213;12;4b;4
MASK_All_stack.tif:4_1213.tif_b;17544;365.785;544.185;1213;12;4b;4
MASK_All_stack.tif:4_1213.tif_c;16477;401.007;253.011;1213;12;4c;4
MASK_All_stack.tif:4_1213.tif_c;16603;567.636;404.673;1213;12;4c;4
MASK_All_stack.tif:4_1213.tif_c;16242;240.78;419.839;1213;12;4c;4
MASK_All_stack.tif:4_1213.tif_c;16009;415.349;579.108;1213;12;4c;4
MASK_All_stack.tif:6_1213.tif_b;13272;389.112;536.436;1213;12;6b;6
MASK_All_stack.tif:6_1213.tif_b;12956;537.268;460.432;1213;12;6b;6
MASK_All_stack.tif:6_1213.tif_b;13354;255.085;437.656;1213;12;6b;6
MASK_All_stack.tif:6_1213.tif_b;12810;557.126;297.394;1213;12;6b;6
MASK_All_stack.tif:6_1213.tif_b;12806;267.045;268.664;1213;12;6b;6
MASK_All_stack.tif:6_1213.tif_b;11755;415.639;204.382;1213;12;6b;6
MASK_All_stack.tif:6_1213.tif_a;13555;371.679;583.202;1213;12;6a;6
MASK_All_stack.tif:6_1213.tif_a;13952;519.818;504.728;1213;12;6a;6
MASK_All_stack.tif:6_1213.tif_a;13511;234.62;487.889;1213;12;6a;6
MASK_All_stack.tif:6_1213.tif_a;13173;534.537;341.178;1213;12;6a;6
MASK_All_stack.tif:6_1213.tif_a;12729;243.622;314.22;1213;12;6a;6
MASK_All_stack.tif:6_1213.tif_a;12122;398.167;246.698;1213;12;6a;6
MASK_All_stack.tif:1_1214.tif_a;23090;413.334;267.113;1214;13;1a;1
MASK_All_stack.tif:1_1214.tif_b;24242;376.416;234.089;1214;13;1b;1
MASK_All_stack.tif:1_1214.tif_c;24215;392.344;227.704;1214;13;1c;1
MASK_All_stack.tif:1_1214.tif_d;24422;357.072;182.446;1214;13;1d;1
MASK_All_stack.tif:2_1214.tif_a;23355;375.544;259.758;1214;13;2a;2
MASK_All_stack.tif:2_1214.tif_a;24233;396.602;570.091;1214;13;2a;2
MASK_All_stack.tif:2_1214.tif_b;22210;366.048;207.576;1214;13;2b;2
MASK_All_stack.tif:2_1214.tif_b;23520;376.076;524.814;1214;13;2b;2
MASK_All_stack.tif:2_1214.tif_c;23326;366.228;228.693;1214;13;2c;2
MASK_All_stack.tif:2_1214.tif_c;23734;368.312;541.108;1214;13;2c;2
MASK_All_stack.tif:3_1214.tif_a;20600;385.69;299.604;1214;13;3a;3
MASK_All_stack.tif:3_1214.tif_a;21074;226.787;526.099;1214;13;3a;3
MASK_All_stack.tif:3_1214.tif_a;21488;504.935;549.737;1214;13;3a;3
MASK_All_stack.tif:3_1214.tif_b;20523;390.237;229.011;1214;13;3b;3
MASK_All_stack.tif:3_1214.tif_b;22819;244.684;461.583;1214;13;3b;3
MASK_All_stack.tif:3_1214.tif_b;22587;520.318;475.649;1214;13;3b;3
MASK_All_stack.tif:3_1214.tif_c;22315;383.686;250.493;1214;13;3c;3
MASK_All_stack.tif:3_1214.tif_c;21709;222.128;469.024;1214;13;3c;3
MASK_All_stack.tif:3_1214.tif_c;21227;502.52;497.859;1214;13;3c;3
MASK_All_stack.tif:4_1214.tif_a;16565;404.697;286.758;1214;13;4a;4
MASK_All_stack.tif:4_1214.tif_a;18038;237.031;439.1;1214;13;4a;4
MASK_All_stack.tif:4_1214.tif_a;18307;571.163;450.982;1214;13;4a;4
MASK_All_stack.tif:4_1214.tif_a;17811;398.349;610.431;1214;13;4a;4
MASK_All_stack.tif:4_1214.tif_b;16763;377.887;254.36;1214;13;4b;4
MASK_All_stack.tif:4_1214.tif_b;17181;208.419;413.856;1214;13;4b;4
MASK_All_stack.tif:4_1214.tif_b;18093;535.904;418.616;1214;13;4b;4
MASK_All_stack.tif:4_1214.tif_b;18111;367.278;583.708;1214;13;4b;4
MASK_All_stack.tif:4_1214.tif_c;16774;367.884;222.468;1214;13;4c;4
MASK_All_stack.tif:4_1214.tif_c;16764;190.868;374.333;1214;13;4c;4
MASK_All_stack.tif:4_1214.tif_c;17233;519.688;389.189;1214;13;4c;4
MASK_All_stack.tif:4_1214.tif_c;16391;351.027;549.333;1214;13;4c;4
MASK_All_stack.tif:6_1214.tif_b;13505;348.545;563.893;1214;13;6b;6
MASK_All_stack.tif:6_1214.tif_b;13294;498.598;489.489;1214;13;6b;6
MASK_All_stack.tif:6_1214.tif_b;13553;215.026;462.634;1214;13;6b;6
MASK_All_stack.tif:6_1214.tif_b;13160;520.86;326.58;1214;13;6b;6
MASK_All_stack.tif:6_1214.tif_b;12907;229.565;293.632;1214;13;6b;6
MASK_All_stack.tif:6_1214.tif_b;11729;380.348;231.7;1214;13;6b;6
MASK_All_stack.tif:6_1214.tif_a;13857;355.477;563.558;1214;13;6a;6
MASK_All_stack.tif:6_1214.tif_a;13714;211.772;477.577;1214;13;6a;6
MASK_All_stack.tif:6_1214.tif_a;14201;498.345;474.982;1214;13;6a;6
MASK_All_stack.tif:6_1214.tif_a;13203;501.343;310.213;1214;13;6a;6
MASK_All_stack.tif:6_1214.tif_a;12842;208.786;303.58;1214;13;6a;6
MASK_All_stack.tif:6_1214.tif_a;12120;358.488;225.58;1214;13;6a;6
MASK_All_stack.tif:1_1215.tif_a;25265;402.194;268.442;1215;14;1a;1
MASK_All_stack.tif:1_1215.tif_b;26521;371.389;245.447;1215;14;1b;1
MASK_All_stack.tif:1_1215.tif_c;26546;400.173;235.313;1215;14;1c;1
MASK_All_stack.tif:1_1215.tif_d;26656;395.173;186.361;1215;14;1d;1
MASK_All_stack.tif:2_1215.tif_a;25175;391.847;252.133;1215;14;2a;2
MASK_All_stack.tif:2_1215.tif_a;26274;415.177;561.208;1215;14;2a;2
MASK_All_stack.tif:2_1215.tif_b;24023;385.962;221.029;1215;14;2b;2
MASK_All_stack.tif:2_1215.tif_b;25546;375.017;537.112;1215;14;2b;2
MASK_All_stack.tif:2_1215.tif_c;25334;394.881;232.818;1215;14;2c;2
MASK_All_stack.tif:2_1215.tif_c;25691;367.713;543.164;1215;14;2c;2
MASK_All_stack.tif:3_1215.tif_a;21080;396.732;274.894;1215;14;3a;3
MASK_All_stack.tif:3_1215.tif_a;22326;536.356;514.94;1215;14;3a;3
MASK_All_stack.tif:3_1215.tif_a;21877;255.741;513.977;1215;14;3a;3
MASK_All_stack.tif:3_1215.tif_b;21414;390.942;253.14;1215;14;3b;3
MASK_All_stack.tif:3_1215.tif_b;24121;248.424;488.145;1215;14;3b;3
MASK_All_stack.tif:3_1215.tif_b;23676;525.148;498.146;1215;14;3b;3
MASK_All_stack.tif:3_1215.tif_c;23417;405.761;225.478;1215;14;3c;3
MASK_All_stack.tif:3_1215.tif_c;22637;238.121;440.652;1215;14;3c;3
MASK_All_stack.tif:3_1215.tif_c;22133;519.118;476.011;1215;14;3c;3
MASK_All_stack.tif:4_1215.tif_a;17043;397.648;279.682;1215;14;4a;4
MASK_All_stack.tif:4_1215.tif_a;18465;233.469;435.836;1215;14;4a;4
MASK_All_stack.tif:4_1215.tif_a;18942;568.139;440.736;1215;14;4a;4
MASK_All_stack.tif:4_1215.tif_a;18425;398.393;604.039;1215;14;4a;4
MASK_All_stack.tif:4_1215.tif_b;16835;389.397;241.118;1215;14;4b;4
MASK_All_stack.tif:4_1215.tif_b;17648;205.07;385.077;1215;14;4b;4
MASK_All_stack.tif:4_1215.tif_b;18679;532.968;418.724;1215;14;4b;4
MASK_All_stack.tif:4_1215.tif_b;18462;348.779;568.805;1215;14;4b;4
MASK_All_stack.tif:4_1215.tif_c;17261;428.398;217.891;1215;14;4c;4
MASK_All_stack.tif:4_1215.tif_c;17269;237.726;353.293;1215;14;4c;4
MASK_All_stack.tif:4_1215.tif_c;17780;564.732;398.257;1215;14;4c;4
MASK_All_stack.tif:4_1215.tif_c;16867;380.906;542.285;1215;14;4c;4
MASK_All_stack.tif:6_1215.tif_b;13860;323.689;571.915;1215;14;6b;6
MASK_All_stack.tif:6_1215.tif_b;13348;477.777;505.306;1215;14;6b;6
MASK_All_stack.tif:6_1215.tif_b;13683;196.152;463.213;1215;14;6b;6
MASK_All_stack.tif:6_1215.tif_b;13311;509.267;342.961;1215;14;6b;6
MASK_All_stack.tif:6_1215.tif_b;13018;219.903;294.754;1215;14;6b;6
MASK_All_stack.tif:6_1215.tif_b;11970;373.419;240.384;1215;14;6b;6
MASK_All_stack.tif:6_1215.tif_a;14027;362.947;602.375;1215;14;6a;6
MASK_All_stack.tif:6_1215.tif_a;14435;514.316;527.234;1215;14;6a;6
MASK_All_stack.tif:6_1215.tif_a;13792;227.817;502.689;1215;14;6a;6
MASK_All_stack.tif:6_1215.tif_a;13377;532.472;362.871;1215;14;6a;6
MASK_All_stack.tif:6_1215.tif_a;12822;241.89;328.575;1215;14;6a;6
MASK_All_stack.tif:6_1215.tif_a;12252;398.332;265.04;1215;14;6a;6
MASK_All_stack.tif:1_1216.tif_a;27431;373.411;267.318;1216;15;1a;1
MASK_All_stack.tif:1_1216.tif_b;28928;388.959;234.078;1216;15;1b;1
MASK_All_stack.tif:1_1216.tif_c;28885;384.909;236.819;1216;15;1c;1
MASK_All_stack.tif:1_1216.tif_d;29130;371.728;184.591;1216;15;1d;1
MASK_All_stack.tif:2_1216.tif_a;26850;384.269;257.557;1216;15;2a;2
MASK_All_stack.tif:2_1216.tif_a;28164;377.004;566.308;1216;15;2a;2
MASK_All_stack.tif:2_1216.tif_b;25775;378.081;217.757;1216;15;2b;2
MASK_All_stack.tif:2_1216.tif_b;27583;337.718;529.987;1216;15;2b;2
MASK_All_stack.tif:2_1216.tif_c;27024;363.697;213.775;1216;15;2c;2
MASK_All_stack.tif:2_1216.tif_c;27468;361.103;524.399;1216;15;2c;2
MASK_All_stack.tif:3_1216.tif_a;21603;386.361;276.106;1216;15;3a;3
MASK_All_stack.tif:3_1216.tif_a;22530;237.161;511.353;1216;15;3a;3
MASK_All_stack.tif:3_1216.tif_a;23254;518.29;520.295;1216;15;3a;3
MASK_All_stack.tif:3_1216.tif_b;21679;371.676;230.095;1216;15;3b;3
MASK_All_stack.tif:3_1216.tif_b;25054;222.773;461.697;1216;15;3b;3
MASK_All_stack.tif:3_1216.tif_b;24211;499.105;479.663;1216;15;3b;3
MASK_All_stack.tif:3_1216.tif_c;24243;383.03;244.628;1216;15;3c;3
MASK_All_stack.tif:3_1216.tif_c;23159;228.41;469.595;1216;15;3c;3
MASK_All_stack.tif:3_1216.tif_c;22797;511.784;488.08;1216;15;3c;3
MASK_All_stack.tif:4_1216.tif_a;17183;380.656;264.757;1216;15;4a;4
MASK_All_stack.tif:4_1216.tif_a;19439;564.337;412.102;1216;15;4a;4
MASK_All_stack.tif:4_1216.tif_a;18716;229.479;433.201;1216;15;4a;4
MASK_All_stack.tif:4_1216.tif_a;18880;407.102;588.71;1216;15;4a;4
MASK_All_stack.tif:4_1216.tif_b;17162;381.14;225.809;1216;15;4b;4
MASK_All_stack.tif:4_1216.tif_b;17987;202.532;376.608;1216;15;4b;4
MASK_All_stack.tif:4_1216.tif_b;18927;531.884;398.659;1216;15;4b;4
MASK_All_stack.tif:4_1216.tif_b;18844;352.972;555.605;1216;15;4b;4
MASK_All_stack.tif:4_1216.tif_c;17717;369.752;203.64;1216;15;4c;4
MASK_All_stack.tif:4_1216.tif_c;18415;534.36;360.095;1216;15;4c;4
MASK_All_stack.tif:4_1216.tif_c;17398;204.354;368.513;1216;15;4c;4
MASK_All_stack.tif:4_1216.tif_c;17298;376.537;532.211;1216;15;4c;4
MASK_All_stack.tif:6_1216.tif_b;13876;336.027;546.434;1216;15;6b;6
MASK_All_stack.tif:6_1216.tif_b;13238;492.241;486.309;1216;15;6b;6
MASK_All_stack.tif:6_1216.tif_b;13822;212.574;432.22;1216;15;6b;6
MASK_All_stack.tif:6_1216.tif_b;13195;530.602;325.064;1216;15;6b;6
MASK_All_stack.tif:6_1216.tif_b;13063;243.747;264.42;1216;15;6b;6
MASK_All_stack.tif:6_1216.tif_b;11964;399.729;216.977;1216;15;6b;6
MASK_All_stack.tif:6_1216.tif_a;14266;364.925;586.631;1216;15;6a;6
MASK_All_stack.tif:6_1216.tif_a;14666;511.436;501.509;1216;15;6a;6
MASK_All_stack.tif:6_1216.tif_a;13959;223.312;495.655;1216;15;6a;6
MASK_All_stack.tif:6_1216.tif_a;13596;519.482;335.829;1216;15;6a;6
MASK_All_stack.tif:6_1216.tif_a;12992;225.745;320.674;1216;15;6a;6
MASK_All_stack.tif:6_1216.tif_a;12286;378.104;247.045;1216;15;6a;6
MASK_All_stack.tif:1_1221.tif_a;37244;420.72;255.434;1221;20;1a;1
MASK_All_stack.tif:1_1221.tif_b;39337;378.886;227.993;1221;20;1b;1
MASK_All_stack.tif:1_1221.tif_c;39640;368.649;266.015;1221;20;1c;1
MASK_All_stack.tif:1_1221.tif_d;39794;380.319;205.12;1221;20;1d;1
MASK_All_stack.tif:2_1221.tif_a;32864;398.079;250.858;1221;20;2a;2
MASK_All_stack.tif:2_1221.tif_a;35290;428.149;557.68;1221;20;2a;2
MASK_All_stack.tif:2_1221.tif_b;32090;425.649;236.149;1221;20;2b;2
MASK_All_stack.tif:2_1221.tif_b;34593;396.278;548.043;1221;20;2b;2
MASK_All_stack.tif:2_1221.tif_c;34040;389.318;232.499;1221;20;2c;2
MASK_All_stack.tif:2_1221.tif_c;34218;414.028;541.842;1221;20;2c;2
MASK_All_stack.tif:3_1221.tif_a;23864;355.884;201.889;1221;20;3a;3
MASK_All_stack.tif:3_1221.tif_a;26274;533.486;420.986;1221;20;3a;3
MASK_All_stack.tif:3_1221.tif_a;24836;251.334;464.376;1221;20;3a;3
MASK_All_stack.tif:3_1221.tif_b;23511;333.865;195.31;1221;20;3b;3
MASK_All_stack.tif:3_1221.tif_b;26713;503.581;425.852;1221;20;3b;3
MASK_All_stack.tif:3_1221.tif_b;28164;222.928;452.078;1221;20;3b;3
MASK_All_stack.tif:3_1221.tif_c;27317;408.614;223.464;1221;20;3c;3
MASK_All_stack.tif:3_1221.tif_c;25447;240.427;445.296;1221;20;3c;3
MASK_All_stack.tif:3_1221.tif_c;25618;527.552;477.031;1221;20;3c;3
MASK_All_stack.tif:4_1221.tif_a;17700;437.546;245.117;1221;20;4a;4
MASK_All_stack.tif:4_1221.tif_a;19414;242.604;370.275;1221;20;4a;4
MASK_All_stack.tif:4_1221.tif_a;20156;577.795;437.711;1221;20;4a;4
MASK_All_stack.tif:4_1221.tif_a;19464;375.924;569.541;1221;20;4a;4
MASK_All_stack.tif:4_1221.tif_b;17638;453.123;218.853;1221;20;4b;4
MASK_All_stack.tif:4_1221.tif_b;18148;226.782;295.427;1221;20;4b;4
MASK_All_stack.tif:4_1221.tif_b;20131;530.72;437.215;1221;20;4b;4
MASK_All_stack.tif:4_1221.tif_b;19969;303.117;520.446;1221;20;4b;4
MASK_All_stack.tif:4_1221.tif_c;18509;419.098;238.329;1221;20;4c;4
MASK_All_stack.tif:4_1221.tif_c;18396;230.136;385.233;1221;20;4c;4
MASK_All_stack.tif:4_1221.tif_c;19652;567.078;416.222;1221;20;4c;4
MASK_All_stack.tif:4_1221.tif_c;17712;385.976;570.195;1221;20;4c;4
MASK_All_stack.tif:6_1221.tif_b;14212;343.079;539.908;1221;20;6b;6
MASK_All_stack.tif:6_1221.tif_b;14095;210.347;432.9;1221;20;6b;6
MASK_All_stack.tif:6_1221.tif_b;13321;524.351;302.76;1221;20;6b;6
MASK_All_stack.tif:6_1221.tif_b;13168;230.211;261.152;1221;20;6b;6
MASK_All_stack.tif:6_1221.tif_b;12149;384.851;202.493;1221;20;6b;6
MASK_All_stack.tif:6_1221.tif_a;14761;406.397;573.103;1221;20;6a;6
MASK_All_stack.tif:6_1221.tif_a;14797;553.562;483.878;1221;20;6a;6
MASK_All_stack.tif:6_1221.tif_a;14565;260.738;483.545;1221;20;6a;6
MASK_All_stack.tif:6_1221.tif_a;13493;558.578;316.219;1221;20;6a;6
MASK_All_stack.tif:6_1221.tif_a;13524;260.159;305.604;1221;20;6a;6
MASK_All_stack.tif:6_1221.tif_a;12452;413.61;228.227;1221;20;6a;6
